filename,x1,y1,x2,y2,x3,y3
__junkpleaseignore__junkpleaseignore__junkpleaseignore,0.0,0.0,0.0,0.0,0.0,0.0
DATASET1_7_10000_00015.png,0.0,0.0,406.0,540.0,310.0,188.0
DATASET1_1_14500_00057.png,0.0,0.0,265.0,565.0,320.0,194.0
DATASET1_4_4500_00021.png,354.0,604.0,533.0,339.0,210.0,319.0
DATASET1_2_4500_00070.png,0.0,0.0,333.0,564.0,417.0,203.0
DATASET1_4_10500_00079.png,345.0,591.0,602.0,400.0,300.0,272.0
DATASET1_8_5000_00003.png,363.0,549.0,514.0,247.0,177.0,270.0
DATASET1_8_5000_00044.png,279.0,513.0,566.0,362.0,299.0,177.0
DATASET1_4_9000_00099.png,408.0,593.0,518.0,291.0,200.0,345.0
DATASET1_2_7000_00081.png,0.0,0.0,490.0,541.0,314.0,213.0
DATASET1_3_5500_00008.png,0.0,0.0,468.0,563.0,254.0,236.0
DATASET1_2_11000_00005.png,0.0,0.0,285.0,579.0,404.0,228.0
DATASET1_8_6500_00016.png,301.0,532.0,560.0,320.0,234.0,210.0
DATASET1_7_14000_00026.png,0.0,0.0,276.0,552.0,455.0,240.0
DATASET1_5_6500_00085.png,0.0,0.0,406.0,563.0,271.0,227.0
DATASET1_3_13000_00092.png,0.0,0.0,495.0,550.0,246.0,258.0
DATASET1_2_11500_00086.png,0.0,0.0,578.0,406.0,229.0,279.0
DATASET1_8_4500_00054.png,520.0,516.0,428.0,185.0,202.0,440.0
DATASET1_2_11000_00080.png,0.0,0.0,156.0,496.0,472.0,305.0
DATASET1_3_10000_00092.png,0.0,0.0,229.0,560.0,533.0,321.0
DATASET1_3_10000_00052.png,0.0,0.0,302.0,596.0,483.0,254.0
DATASET1_5_12500_00100.png,0.0,0.0,220.0,567.0,281.0,195.0
DATASET1_4_14500_00040.png,409.0,619.0,500.0,310.0,186.0,381.0
DATASET1_1_10500_00027.png,0.0,0.0,363.0,580.0,226.0,226.0
DATASET1_7_14000_00015.png,0.0,0.0,166.0,426.0,531.0,418.0
DATASET1_3_6500_00100.png,0.0,0.0,438.0,597.0,281.0,238.0
DATASET1_6_13500_00060.png,0.0,0.0,225.0,475.0,601.0,363.0
DATASET1_2_13500_00019.png,0.0,0.0,263.0,572.0,401.0,231.0
DATASET1_5_6000_00062.png,0.0,0.0,377.0,578.0,293.0,227.0
DATASET1_8_7500_00084.png,469.0,510.0,460.0,176.0,175.0,361.0
DATASET1_5_14500_00084.png,0.0,0.0,469.0,458.0,96.0,395.0
DATASET1_7_10000_00074.png,0.0,0.0,501.0,499.0,171.0,340.0
DATASET1_4_13500_00076.png,424.0,609.0,491.0,295.0,183.0,394.0
DATASET1_8_14500_00002.png,301.0,513.0,581.0,333.0,276.0,186.0
DATASET1_6_4500_00040.png,0.0,0.0,550.0,473.0,258.0,214.0
DATASET1_7_12500_00010.png,0.0,0.0,290.0,555.0,456.0,233.0
DATASET1_6_6500_00067.png,0.0,0.0,223.0,372.0,610.0,296.0
DATASET1_5_9500_00035.png,0.0,0.0,505.0,466.0,154.0,377.0
DATASET1_4_14500_00082.png,391.0,615.0,523.0,319.0,204.0,352.0
DATASET1_7_5000_00068.png,0.0,0.0,168.0,438.0,535.0,430.0
DATASET1_7_11000_00083.png,0.0,0.0,517.0,466.0,165.0,369.0
DATASET1_3_12500_00033.png,0.0,0.0,269.0,581.0,525.0,290.0
DATASET1_2_9000_00052.png,0.0,0.0,470.0,555.0,335.0,204.0
DATASET1_5_4500_00028.png,0.0,0.0,485.0,543.0,193.0,326.0
DATASET1_8_11000_00031.png,301.0,514.0,580.0,337.0,283.0,186.0
DATASET1_1_15000_00083.png,0.0,0.0,170.0,539.0,404.0,231.0
DATASET1_8_13500_00003.png,500.0,493.0,441.0,164.0,182.0,383.0
DATASET1_8_6000_00069.png,461.0,527.0,449.0,190.0,168.0,373.0
DATASET1_7_6500_00053.png,0.0,0.0,263.0,562.0,480.0,269.0
DATASET1_5_10000_00037.png,0.0,0.0,250.0,524.0,403.0,199.0
DATASET1_7_4500_00055.png,0.0,0.0,343.0,567.0,398.0,207.0
DATASET1_3_6500_00016.png,0.0,0.0,355.0,593.0,444.0,214.0
DATASET1_5_6500_00050.png,0.0,0.0,172.0,476.0,505.0,345.0
DATASET1_6_8500_00079.png,0.0,0.0,312.0,548.0,507.0,212.0
DATASET1_2_4500_00016.png,0.0,0.0,568.0,424.0,207.0,307.0
DATASET1_1_14500_00031.png,0.0,0.0,168.0,518.0,433.0,236.0
DATASET1_5_9500_00006.png,0.0,0.0,344.0,577.0,323.0,213.0
DATASET1_3_11500_00032.png,0.0,0.0,414.0,592.0,374.0,205.0
DATASET1_8_7000_00020.png,391.0,534.0,511.0,216.0,173.0,282.0
DATASET1_5_6500_00047.png,0.0,0.0,181.0,502.0,495.0,325.0
DATASET1_6_12500_00094.png,0.0,0.0,259.0,520.0,538.0,257.0
DATASET1_6_10500_00030.png,0.0,0.0,603.0,357.0,213.0,310.0
DATASET1_8_6500_00073.png,366.0,546.0,514.0,239.0,174.0,276.0
DATASET1_8_8000_00071.png,455.0,526.0,468.0,187.0,171.0,353.0
DATASET1_6_11500_00012.png,0.0,0.0,226.0,332.0,612.0,289.0
DATASET1_4_5500_00038.png,435.0,593.0,493.0,271.0,188.0,390.0
DATASET1_8_12000_00065.png,529.0,469.0,384.0,167.0,193.0,436.0
DATASET1_8_9000_00052.png,535.0,492.0,440.0,169.0,216.0,411.0
DATASET1_3_9000_00017.png,0.0,0.0,368.0,565.0,404.0,178.0
DATASET1_6_5500_00056.png,0.0,0.0,356.0,574.0,473.0,202.0
DATASET1_4_14000_00080.png,371.0,619.0,553.0,351.0,230.0,328.0
DATASET1_8_14500_00074.png,422.0,526.0,506.0,203.0,182.0,291.0
DATASET1_3_6000_00040.png,0.0,0.0,429.0,592.0,320.0,223.0
DATASET1_1_4500_00010.png,0.0,0.0,136.0,486.0,474.0,321.0
DATASET1_7_6500_00010.png,0.0,0.0,445.0,552.0,237.0,251.0
DATASET1_4_5500_00025.png,351.0,603.0,541.0,341.0,217.0,310.0
DATASET1_2_14500_00055.png,0.0,0.0,237.0,381.0,576.0,219.0
DATASET1_1_9500_00089.png,0.0,0.0,209.0,544.0,430.0,234.0
DATASET1_5_10500_00006.png,0.0,0.0,512.0,422.0,151.0,417.0
DATASET1_3_14000_00089.png,0.0,0.0,522.0,502.0,207.0,269.0
DATASET1_2_7000_00054.png,0.0,0.0,196.0,548.0,457.0,284.0
DATASET1_1_8500_00068.png,0.0,0.0,438.0,556.0,162.0,289.0
DATASET1_5_11500_00068.png,0.0,0.0,213.0,579.0,312.0,201.0
DATASET1_6_10500_00080.png,0.0,0.0,229.0,381.0,603.0,270.0
DATASET1_6_4500_00046.png,0.0,0.0,580.0,450.0,252.0,251.0
DATASET1_5_12500_00017.png,0.0,0.0,354.0,579.0,158.0,253.0
DATASET1_7_4500_00046.png,0.0,0.0,301.0,570.0,444.0,238.0
DATASET1_4_5000_00012.png,430.0,591.0,465.0,271.0,171.0,405.0
DATASET1_4_7000_00040.png,253.0,545.0,570.0,518.0,386.0,257.0
DATASET1_3_15000_00066.png,0.0,0.0,159.0,469.0,542.0,415.0
DATASET1_8_5500_00070.png,290.0,516.0,596.0,381.0,318.0,183.0
DATASET1_4_13000_00009.png,244.0,551.0,563.0,524.0,380.0,258.0
DATASET1_8_14500_00052.png,409.0,530.0,521.0,205.0,189.0,280.0
DATASET1_7_6000_00039.png,0.0,0.0,413.0,541.0,294.0,197.0
DATASET1_2_10500_00054.png,0.0,0.0,160.0,415.0,521.0,311.0
DATASET1_7_14500_00092.png,0.0,0.0,505.0,463.0,171.0,310.0
DATASET1_4_12500_00039.png,300.0,594.0,584.0,429.0,299.0,269.0
DATASET1_8_7500_00035.png,387.0,534.0,519.0,218.0,181.0,274.0
DATASET1_3_10000_00071.png,0.0,0.0,507.0,539.0,219.0,277.0
DATASET1_8_11500_00071.png,517.0,479.0,417.0,161.0,193.0,401.0
DATASET1_3_11000_00051.png,0.0,0.0,347.0,601.0,450.0,226.0
DATASET1_2_14000_00088.png,0.0,0.0,531.0,503.0,282.0,223.0
DATASET1_2_6000_00023.png,0.0,0.0,574.0,434.0,243.0,257.0
DATASET1_4_11000_00082.png,466.0,609.0,486.0,283.0,198.0,430.0
DATASET1_6_7500_00065.png,0.0,0.0,528.0,494.0,318.0,165.0
DATASET1_2_11500_00070.png,0.0,0.0,371.0,577.0,384.0,205.0
DATASET1_8_7000_00072.png,471.0,499.0,442.0,165.0,171.0,368.0
DATASET1_6_12500_00015.png,0.0,0.0,229.0,441.0,587.0,288.0
DATASET1_2_7500_00020.png,0.0,0.0,212.0,551.0,445.0,261.0
DATASET1_5_14000_00043.png,0.0,0.0,464.0,487.0,106.0,361.0
DATASET1_4_8500_00012.png,282.0,552.0,587.0,453.0,349.0,235.0
DATASET1_8_14500_00075.png,442.0,521.0,492.0,187.0,181.0,306.0
DATASET1_7_4500_00015.png,0.0,0.0,179.0,468.0,536.0,408.0
DATASET1_7_13500_00074.png,0.0,0.0,284.0,565.0,427.0,228.0
DATASET1_3_7000_00056.png,0.0,0.0,342.0,604.0,441.0,230.0
DATASET1_5_15000_00044.png,0.0,0.0,116.0,481.0,457.0,329.0
DATASET1_8_5000_00065.png,391.0,552.0,511.0,238.0,174.0,295.0
DATASET1_1_7500_00063.png,0.0,0.0,468.0,506.0,130.0,341.0
DATASET1_5_9000_00044.png,0.0,0.0,302.0,553.0,355.0,186.0
DATASET1_4_5500_00016.png,292.0,572.0,556.0,391.0,262.0,252.0
DATASET1_7_10000_00076.png,0.0,0.0,527.0,476.0,180.0,361.0
DATASET1_3_15000_00086.png,0.0,0.0,455.0,571.0,244.0,240.0
DATASET1_1_5500_00076.png,0.0,0.0,307.0,581.0,302.0,202.0
DATASET1_6_12500_00067.png,0.0,0.0,439.0,570.0,406.0,182.0
DATASET1_2_7000_00044.png,0.0,0.0,150.0,427.0,514.0,304.0
DATASET1_5_7000_00100.png,0.0,0.0,288.0,573.0,373.0,218.0
DATASET1_3_5000_00014.png,0.0,0.0,193.0,534.0,541.0,369.0
DATASET1_4_6500_00061.png,486.0,567.0,463.0,244.0,198.0,430.0
DATASET1_6_11000_00092.png,0.0,0.0,307.0,547.0,520.0,227.0
DATASET1_2_13000_00009.png,0.0,0.0,159.0,371.0,523.0,291.0
DATASET1_6_11500_00073.png,0.0,0.0,443.0,512.0,383.0,129.0
DATASET1_7_12000_00010.png,0.0,0.0,494.0,504.0,183.0,315.0
DATASET1_3_13500_00067.png,0.0,0.0,504.0,540.0,182.0,327.0
DATASET1_3_7000_00067.png,0.0,0.0,437.0,565.0,330.0,192.0
DATASET1_8_4500_00022.png,338.0,539.0,556.0,284.0,224.0,225.0
DATASET1_4_13500_00015.png,561.0,546.0,394.0,259.0,232.0,538.0
DATASET1_6_9500_00016.png,0.0,0.0,545.0,427.0,272.0,155.0
DATASET1_2_5000_00004.png,0.0,0.0,584.0,400.0,225.0,291.0
DATASET1_5_11500_00098.png,0.0,0.0,359.0,579.0,149.0,258.0
DATASET1_8_12500_00029.png,233.0,473.0,565.0,424.0,354.0,161.0
DATASET1_2_11000_00065.png,0.0,0.0,563.0,444.0,248.0,243.0
DATASET1_5_10500_00050.png,0.0,0.0,152.0,420.0,516.0,418.0
DATASET1_5_11500_00045.png,0.0,0.0,475.0,452.0,96.0,431.0
DATASET1_2_5500_00092.png,0.0,0.0,177.0,418.0,537.0,312.0
DATASET1_1_11000_00049.png,0.0,0.0,493.0,486.0,133.0,366.0
DATASET1_3_15000_00048.png,0.0,0.0,361.0,598.0,403.0,211.0
DATASET1_5_6000_00062.png,0.0,0.0,377.0,579.0,295.0,226.0
DATASET1_4_9500_00039.png,432.0,609.0,494.0,293.0,191.0,402.0
DATASET1_7_6000_00064.png,0.0,0.0,524.0,458.0,172.0,385.0
DATASET1_2_10500_00013.png,0.0,0.0,142.0,507.0,470.0,320.0
DATASET1_4_14500_00005.png,549.0,532.0,392.0,243.0,221.0,521.0
DATASET1_2_8000_00000.png,0.0,0.0,124.0,438.0,498.0,335.0
DATASET1_3_8000_00076.png,0.0,0.0,453.0,597.0,264.0,258.0
DATASET1_5_10000_00090.png,0.0,0.0,189.0,522.0,467.0,291.0
DATASET1_3_10500_00016.png,0.0,0.0,507.0,547.0,199.0,312.0
DATASET1_1_5500_00034.png,0.0,0.0,131.0,422.0,508.0,410.0
DATASET1_3_6500_00005.png,0.0,0.0,256.0,586.0,512.0,297.0
DATASET1_3_13500_00086.png,0.0,0.0,317.0,611.0,477.0,257.0
DATASET1_2_10500_00018.png,0.0,0.0,200.0,553.0,445.0,267.0
DATASET1_6_12500_00020.png,0.0,0.0,278.0,530.0,546.0,244.0
DATASET1_6_7500_00091.png,0.0,0.0,225.0,362.0,604.0,242.0
DATASET1_5_10000_00093.png,0.0,0.0,164.0,490.0,488.0,316.0
DATASET1_1_12500_00056.png,0.0,0.0,287.0,578.0,308.0,195.0
DATASET1_8_6000_00023.png,498.0,516.0,423.0,183.0,181.0,421.0
DATASET1_3_5000_00091.png,0.0,0.0,558.0,466.0,167.0,456.0
DATASET1_3_7500_00008.png,0.0,0.0,555.0,469.0,175.0,390.0
DATASET1_3_10500_00072.png,0.0,0.0,185.0,468.0,570.0,415.0
DATASET1_7_12500_00006.png,0.0,0.0,234.0,543.0,505.0,294.0
DATASET1_2_14500_00047.png,0.0,0.0,584.0,393.0,221.0,274.0
DATASET1_7_10500_00028.png,0.0,0.0,536.0,443.0,167.0,439.0
DATASET1_6_14000_00009.png,0.0,0.0,248.0,497.0,579.0,281.0
DATASET1_1_4500_00009.png,0.0,0.0,147.0,479.0,482.0,305.0
DATASET1_2_9000_00067.png,0.0,0.0,583.0,385.0,222.0,290.0
DATASET1_2_12000_00015.png,0.0,0.0,436.0,564.0,354.0,200.0
DATASET1_7_10500_00028.png,0.0,0.0,532.0,443.0,166.0,440.0
DATASET1_3_12500_00055.png,0.0,0.0,533.0,531.0,177.0,366.0
DATASET1_3_13500_00040.png,0.0,0.0,168.0,478.0,555.0,435.0
DATASET1_6_8000_00095.png,0.0,0.0,215.0,386.0,602.0,307.0
DATASET1_3_8500_00041.png,0.0,0.0,448.0,565.0,286.0,209.0
DATASET1_2_4500_00056.png,0.0,0.0,225.0,536.0,449.0,245.0
DATASET1_6_5000_00007.png,0.0,0.0,603.0,335.0,218.0,259.0
DATASET1_1_8500_00052.png,0.0,0.0,123.0,445.0,499.0,383.0
DATASET1_5_5040_00057.png,0.0,0.0,195.0,503.0,489.0,295.0
DATASET1_3_13500_00042.png,0.0,0.0,197.0,493.0,566.0,383.0
DATASET1_2_10500_00097.png,0.0,0.0,132.0,413.0,503.0,340.0
DATASET1_6_14500_00008.png,0.0,0.0,515.0,490.0,304.0,154.0
DATASET1_6_14500_00008.png,0.0,0.0,514.0,488.0,307.0,159.0
DATASET1_3_11000_00017.png,0.0,0.0,432.0,603.0,295.0,237.0
DATASET1_1_5000_00089.png,0.0,0.0,304.0,593.0,303.0,215.0
DATASET1_7_10000_00034.png,0.0,0.0,523.0,418.0,158.0,411.0
DATASET1_2_14000_00003.png,0.0,0.0,178.0,490.0,483.0,275.0
DATASET1_3_13500_00048.png,0.0,0.0,255.0,591.0,519.0,302.0
DATASET1_2_10000_00011.png,0.0,0.0,134.0,446.0,497.0,328.0
DATASET1_5_4500_00075.png,0.0,0.0,241.0,557.0,442.0,248.0
DATASET1_1_14500_00067.png,0.0,0.0,135.0,491.0,480.0,322.0
DATASET1_5_11000_00023.png,0.0,0.0,476.0,527.0,181.0,312.0
DATASET1_4_14000_00031.png,302.0,621.0,580.0,450.0,291.0,299.0
DATASET1_1_10000_00075.png,0.0,0.0,346.0,581.0,246.0,215.0
DATASET1_3_8000_00090.png,0.0,0.0,533.0,525.0,167.0,404.0
DATASET1_5_7500_00050.png,0.0,0.0,492.0,504.0,174.0,323.0
DATASET1_6_7500_00073.png,0.0,0.0,575.0,440.0,255.0,216.0
DATASET1_6_14500_00096.png,0.0,0.0,357.0,537.0,478.0,170.0
DATASET1_6_14500_00085.png,0.0,0.0,216.0,432.0,597.0,364.0
DATASET1_4_8500_00001.png,500.0,577.0,440.0,259.0,199.0,471.0
DATASET1_7_7500_00038.png,0.0,0.0,528.0,442.0,163.0,413.0
DATASET1_1_10500_00046.png,0.0,0.0,168.0,497.0,481.0,285.0
DATASET1_6_10000_00085.png,0.0,0.0,340.0,516.0,505.0,165.0
DATASET1_4_10000_00077.png,460.0,605.0,475.0,280.0,193.0,432.0
DATASET1_1_14500_00028.png,0.0,0.0,203.0,549.0,376.0,203.0
DATASET1_1_9500_00068.png,0.0,0.0,429.0,559.0,182.0,273.0
DATASET1_7_4500_00011.png,0.0,0.0,173.0,432.0,542.0,414.0
DATASET1_3_11000_00077.png,0.0,0.0,182.0,450.0,571.0,417.0
DATASET1_4_10000_00011.png,409.0,603.0,513.0,293.0,195.0,364.0
DATASET1_4_5500_00023.png,328.0,594.0,533.0,348.0,213.0,294.0
DATASET1_6_5000_00006.png,0.0,0.0,597.0,340.0,215.0,250.0
DATASET1_7_12500_00079.png,0.0,0.0,204.0,529.0,506.0,322.0
DATASET1_3_12000_00059.png,0.0,0.0,446.0,591.0,301.0,227.0
DATASET1_2_14500_00056.png,0.0,0.0,243.0,390.0,566.0,198.0
DATASET1_3_11500_00021.png,0.0,0.0,256.0,573.0,525.0,291.0
DATASET1_3_14500_00025.png,0.0,0.0,346.0,590.0,428.0,210.0
DATASET1_3_11500_00094.png,0.0,0.0,181.0,474.0,565.0,405.0
DATASET1_7_9500_00071.png,0.0,0.0,347.0,570.0,398.0,213.0
DATASET1_2_10000_00043.png,0.0,0.0,556.0,464.0,263.0,239.0
DATASET1_4_9500_00095.png,342.0,576.0,572.0,354.0,264.0,257.0
DATASET1_1_5000_00085.png,0.0,0.0,334.0,587.0,284.0,215.0
DATASET1_8_6500_00066.png,333.0,535.0,560.0,291.0,229.0,220.0
DATASET1_3_15000_00018.png,0.0,0.0,396.0,589.0,376.0,198.0
DATASET1_1_11500_00022.png,0.0,0.0,231.0,543.0,393.0,202.0
DATASET1_7_8500_00083.png,0.0,0.0,492.0,524.0,183.0,328.0
DATASET1_2_12500_00025.png,0.0,0.0,588.0,322.0,212.0,304.0
DATASET1_7_6000_00079.png,0.0,0.0,205.0,487.0,538.0,347.0
DATASET1_7_9000_00003.png,0.0,0.0,172.0,444.0,538.0,407.0
DATASET1_3_12500_00032.png,0.0,0.0,245.0,574.0,526.0,304.0
DATASET1_8_6500_00029.png,399.0,529.0,508.0,216.0,172.0,283.0
DATASET1_7_7500_00077.png,0.0,0.0,404.0,558.0,288.0,210.0
DATASET1_1_14500_00076.png,0.0,0.0,496.0,514.0,136.0,360.0
DATASET1_8_8500_00018.png,325.0,509.0,570.0,291.0,239.0,182.0
DATASET1_6_10000_00081.png,0.0,0.0,278.0,535.0,536.0,245.0
DATASET1_6_8000_00093.png,0.0,0.0,209.0,324.0,599.0,289.0
DATASET1_5_8000_00087.png,0.0,0.0,214.0,541.0,453.0,258.0
DATASET1_3_7500_00013.png,0.0,0.0,172.0,456.0,564.0,436.0
DATASET1_7_9000_00013.png,0.0,0.0,234.0,537.0,508.0,298.0
DATASET1_8_5500_00080.png,335.0,537.0,566.0,299.0,242.0,217.0
DATASET1_5_14000_00089.png,0.0,0.0,270.0,578.0,254.0,192.0
DATASET1_1_6000_00001.png,0.0,0.0,132.0,437.0,507.0,385.0
DATASET1_8_11000_00037.png,359.0,524.0,535.0,240.0,204.0,221.0
DATASET1_6_13000_00030.png,0.0,0.0,477.0,534.0,367.0,159.0
DATASET1_8_9500_00091.png,309.0,509.0,582.0,328.0,276.0,172.0
DATASET1_6_7500_00084.png,0.0,0.0,618.0,336.0,226.0,317.0
DATASET1_6_10500_00040.png,0.0,0.0,250.0,502.0,571.0,284.0
DATASET1_5_11000_00076.png,0.0,0.0,348.0,572.0,312.0,210.0
DATASET1_4_9000_00078.png,559.0,546.0,411.0,258.0,238.0,532.0
DATASET1_6_11500_00086.png,0.0,0.0,584.0,414.0,229.0,247.0
DATASET1_5_8000_00017.png,0.0,0.0,323.0,585.0,346.0,221.0
DATASET1_6_12500_00012.png,0.0,0.0,214.0,394.0,597.0,332.0
DATASET1_7_8500_00007.png,0.0,0.0,328.0,555.0,416.0,204.0
DATASET1_4_7000_00055.png,336.0,562.0,556.0,325.0,243.0,250.0
DATASET1_6_12000_00043.png,0.0,0.0,451.0,529.0,368.0,148.0
DATASET1_3_6500_00049.png,0.0,0.0,538.0,499.0,169.0,380.0
DATASET1_1_4500_00008.png,0.0,0.0,137.0,499.0,465.0,313.0
DATASET1_8_14500_00022.png,272.0,494.0,586.0,362.0,310.0,160.0
DATASET1_2_9500_00044.png,0.0,0.0,573.0,373.0,196.0,316.0
DATASET1_4_14500_00043.png,466.0,595.0,474.0,267.0,187.0,424.0
DATASET1_4_15000_00095.png,507.0,580.0,431.0,261.0,196.0,487.0
DATASET1_1_11000_00088.png,0.0,0.0,495.0,432.0,117.0,409.0
DATASET1_8_10000_00054.png,506.0,498.0,427.0,171.0,188.0,410.0
DATASET1_3_5500_00071.png,0.0,0.0,354.0,594.0,416.0,212.0
DATASET1_1_11000_00039.png,0.0,0.0,146.0,478.0,488.0,327.0
DATASET1_4_14500_00015.png,350.0,601.0,545.0,340.0,221.0,309.0
DATASET1_5_8000_00057.png,0.0,0.0,480.0,524.0,186.0,301.0
DATASET1_6_13500_00069.png,0.0,0.0,327.0,507.0,495.0,158.0
DATASET1_6_12000_00089.png,0.0,0.0,550.0,441.0,280.0,160.0
DATASET1_6_6500_00093.png,0.0,0.0,372.0,474.0,446.0,94.0
DATASET1_4_4500_00015.png,312.0,588.0,541.0,356.0,223.0,278.0
DATASET1_7_13500_00007.png,0.0,0.0,318.0,566.0,393.0,205.0
DATASET1_2_8500_00047.png,0.0,0.0,277.0,587.0,414.0,237.0
DATASET1_3_7000_00043.png,0.0,0.0,225.0,567.0,525.0,321.0
DATASET1_3_13500_00052.png,0.0,0.0,315.0,621.0,453.0,260.0
DATASET1_5_9000_00064.png,0.0,0.0,152.0,456.0,508.0,380.0
DATASET1_5_7000_00079.png,0.0,0.0,459.0,551.0,206.0,292.0
DATASET1_8_12000_00074.png,307.0,526.0,575.0,333.0,270.0,196.0
DATASET1_3_6500_00055.png,0.0,0.0,558.0,452.0,169.0,429.0
DATASET1_7_8000_00075.png,0.0,0.0,429.0,551.0,275.0,216.0
DATASET1_5_7500_00000.png,0.0,0.0,415.0,568.0,257.0,243.0
DATASET1_8_7000_00055.png,341.0,527.0,558.0,276.0,227.0,209.0
DATASET1_6_4500_00040.png,0.0,0.0,552.0,470.0,255.0,214.0
DATASET1_2_15000_00095.png,0.0,0.0,225.0,395.0,582.0,288.0
DATASET1_4_12500_00062.png,291.0,591.0,596.0,486.0,348.0,271.0
DATASET1_8_7000_00075.png,498.0,503.0,417.0,172.0,178.0,409.0
DATASET1_3_6000_00042.png,0.0,0.0,434.0,587.0,295.0,221.0
DATASET1_5_14500_00066.png,0.0,0.0,273.0,592.0,266.0,207.0
DATASET1_5_9500_00005.png,0.0,0.0,355.0,571.0,310.0,211.0
DATASET1_1_12500_00021.png,0.0,0.0,257.0,575.0,356.0,207.0
DATASET1_3_8500_00017.png,0.0,0.0,218.0,532.0,540.0,317.0
DATASET1_3_6000_00040.png,0.0,0.0,431.0,594.0,320.0,216.0
DATASET1_4_7000_00022.png,425.0,598.0,503.0,282.0,192.0,378.0
DATASET1_1_11000_00028.png,0.0,0.0,246.0,574.0,370.0,214.0
DATASET1_1_13500_00035.png,0.0,0.0,490.0,486.0,121.0,382.0
DATASET1_4_7500_00044.png,309.0,575.0,586.0,410.0,303.0,251.0
DATASET1_6_12000_00066.png,0.0,0.0,237.0,442.0,591.0,261.0
DATASET1_8_5000_00001.png,369.0,542.0,539.0,250.0,201.0,253.0
DATASET1_3_10000_00081.png,0.0,0.0,560.0,455.0,171.0,426.0
DATASET1_2_12500_00008.png,0.0,0.0,405.0,577.0,375.0,202.0
DATASET1_2_5000_00070.png,0.0,0.0,491.0,527.0,328.0,190.0
DATASET1_2_11500_00100.png,0.0,0.0,189.0,509.0,469.0,263.0
DATASET1_7_10000_00029.png,0.0,0.0,513.0,485.0,169.0,362.0
DATASET1_4_6000_00025.png,238.0,522.0,563.0,516.0,389.0,234.0
DATASET1_8_6500_00051.png,252.0,488.0,578.0,438.0,370.0,169.0
DATASET1_8_10500_00058.png,493.0,501.0,461.0,160.0,189.0,353.0
DATASET1_6_10500_00023.png,0.0,0.0,563.0,363.0,242.0,150.0
DATASET1_7_13500_00026.png,0.0,0.0,519.0,434.0,156.0,417.0
DATASET1_6_13500_00044.png,0.0,0.0,502.0,487.0,336.0,132.0
DATASET1_7_11500_00083.png,0.0,0.0,459.0,513.0,251.0,211.0
DATASET1_5_11000_00018.png,0.0,0.0,506.0,459.0,153.0,360.0
DATASET1_3_12500_00027.png,0.0,0.0,205.0,491.0,573.0,353.0
DATASET1_2_6000_00072.png,0.0,0.0,368.0,585.0,387.0,212.0
DATASET1_1_14000_00031.png,0.0,0.0,383.0,586.0,194.0,249.0
DATASET1_1_6500_00001.png,0.0,0.0,491.0,441.0,113.0,404.0
DATASET1_2_9500_00029.png,0.0,0.0,482.0,545.0,323.0,206.0
DATASET1_5_15000_00005.png,0.0,0.0,194.0,550.0,347.0,185.0
DATASET1_1_4500_00064.png,0.0,0.0,368.0,591.0,261.0,228.0
DATASET1_6_7000_00021.png,0.0,0.0,228.0,469.0,586.0,309.0
DATASET1_1_10000_00078.png,0.0,0.0,322.0,575.0,290.0,194.0
DATASET1_4_8000_00017.png,269.0,560.0,582.0,491.0,363.0,249.0
DATASET1_3_10500_00022.png,0.0,0.0,552.0,498.0,172.0,404.0
DATASET1_2_12500_00066.png,0.0,0.0,191.0,337.0,556.0,245.0
DATASET1_7_15000_00096.png,0.0,0.0,200.0,507.0,490.0,287.0
DATASET1_7_5000_00040.png,0.0,0.0,454.0,542.0,234.0,251.0
DATASET1_6_9500_00007.png,0.0,0.0,447.0,504.0,369.0,121.0
DATASET1_4_10500_00058.png,404.0,630.0,507.0,322.0,190.0,386.0
DATASET1_7_8500_00067.png,0.0,0.0,378.0,557.0,357.0,190.0
DATASET1_2_6500_00076.png,0.0,0.0,215.0,544.0,450.0,255.0
DATASET1_6_7500_00021.png,0.0,0.0,605.0,381.0,217.0,327.0
DATASET1_6_11500_00096.png,0.0,0.0,221.0,420.0,593.0,292.0
DATASET1_6_12500_00090.png,0.0,0.0,229.0,430.0,586.0,265.0
DATASET1_5_5520_00093.png,0.0,0.0,176.0,487.0,495.0,315.0
DATASET1_2_14000_00060.png,0.0,0.0,583.0,393.0,226.0,272.0
DATASET1_6_7000_00096.png,0.0,0.0,278.0,463.0,517.0,161.0
DATASET1_6_9000_00012.png,0.0,0.0,224.0,413.0,593.0,270.0
DATASET1_5_10000_00059.png,0.0,0.0,515.0,448.0,168.0,322.0
DATASET1_3_8500_00054.png,0.0,0.0,532.0,510.0,175.0,352.0
DATASET1_3_14000_00013.png,0.0,0.0,415.0,598.0,374.0,210.0
DATASET1_7_13000_00075.png,0.0,0.0,492.0,485.0,186.0,284.0
DATASET1_1_9000_00052.png,0.0,0.0,267.0,564.0,367.0,199.0
DATASET1_5_7500_00022.png,0.0,0.0,221.0,531.0,446.0,250.0
DATASET1_2_12000_00018.png,0.0,0.0,493.0,542.0,318.0,211.0
DATASET1_5_10500_00046.png,0.0,0.0,159.0,461.0,504.0,349.0
DATASET1_2_8000_00023.png,0.0,0.0,355.0,596.0,379.0,219.0
DATASET1_8_5500_00100.png,477.0,537.0,481.0,194.0,187.0,373.0
DATASET1_1_10500_00037.png,0.0,0.0,253.0,562.0,378.0,206.0
DATASET1_8_14000_00025.png,277.0,512.0,573.0,352.0,284.0,178.0
DATASET1_6_10000_00041.png,0.0,0.0,356.0,530.0,475.0,165.0
DATASET1_8_5000_00005.png,379.0,547.0,524.0,238.0,179.0,284.0
DATASET1_1_5500_00002.png,0.0,0.0,256.0,573.0,377.0,215.0
DATASET1_5_11000_00043.png,0.0,0.0,235.0,526.0,426.0,216.0
DATASET1_6_4500_00011.png,0.0,0.0,405.0,553.0,425.0,166.0
DATASET1_7_10000_00087.png,0.0,0.0,199.0,483.0,541.0,342.0
DATASET1_1_14500_00015.png,0.0,0.0,432.0,550.0,163.0,288.0
DATASET1_7_9000_00019.png,0.0,0.0,295.0,552.0,462.0,232.0
DATASET1_8_15000_00021.png,504.0,488.0,436.0,160.0,182.0,382.0
DATASET1_7_9000_00044.png,0.0,0.0,502.0,503.0,185.0,317.0
DATASET1_5_9500_00024.png,0.0,0.0,166.0,495.0,492.0,330.0
DATASET1_4_7000_00006.png,310.0,586.0,578.0,416.0,294.0,262.0
DATASET1_1_10000_00008.png,0.0,0.0,495.0,451.0,117.0,406.0
DATASET1_8_8000_00029.png,432.0,532.0,510.0,207.0,186.0,315.0
DATASET1_4_7500_00012.png,368.0,600.0,544.0,329.0,219.0,314.0
DATASET1_3_6500_00072.png,0.0,0.0,233.0,561.0,532.0,305.0
DATASET1_4_8500_00098.png,374.0,608.0,519.0,319.0,198.0,338.0
DATASET1_4_11000_00088.png,548.0,578.0,428.0,277.0,225.0,534.0
DATASET1_3_15000_00049.png,0.0,0.0,386.0,590.0,380.0,202.0
DATASET1_6_7500_00037.png,0.0,0.0,262.0,484.0,557.0,233.0
DATASET1_2_4500_00028.png,0.0,0.0,204.0,370.0,581.0,352.0
DATASET1_3_7000_00061.png,0.0,0.0,387.0,587.0,392.0,199.0
DATASET1_2_10000_00077.png,0.0,0.0,385.0,570.0,367.0,195.0
DATASET1_8_9500_00060.png,314.0,521.0,579.0,314.0,267.0,187.0
DATASET1_1_7000_00084.png,0.0,0.0,304.0,581.0,314.0,204.0
DATASET1_8_9500_00075.png,496.0,510.0,469.0,170.0,192.0,366.0
DATASET1_3_4500_00098.png,0.0,0.0,248.0,598.0,506.0,306.0
DATASET1_5_12500_00012.png,0.0,0.0,422.0,529.0,111.0,311.0
DATASET1_4_13000_00006.png,541.0,579.0,427.0,273.0,218.0,526.0
DATASET1_8_13500_00034.png,263.0,507.0,578.0,385.0,311.0,174.0
DATASET1_5_8500_00071.png,0.0,0.0,189.0,507.0,464.0,271.0
DATASET1_2_6500_00038.png,0.0,0.0,538.0,497.0,276.0,226.0
DATASET1_4_11500_00020.png,327.0,607.0,566.0,389.0,256.0,290.0
DATASET1_8_5000_00039.png,263.0,522.0,575.0,428.0,334.0,191.0
DATASET1_1_11000_00037.png,0.0,0.0,161.0,498.0,479.0,291.0
DATASET1_8_11000_00042.png,430.0,518.0,505.0,189.0,186.0,303.0
DATASET1_6_11000_00097.png,0.0,0.0,377.0,481.0,456.0,98.0
DATASET1_1_12500_00035.png,0.0,0.0,124.0,451.0,503.0,399.0
DATASET1_8_4500_00022.png,340.0,541.0,560.0,284.0,221.0,227.0
DATASET1_5_5040_00026.png,0.0,0.0,367.0,573.0,321.0,215.0
DATASET1_1_7000_00033.png,0.0,0.0,193.0,550.0,428.0,257.0
DATASET1_5_10500_00028.png,0.0,0.0,331.0,565.0,329.0,200.0
DATASET1_4_4500_00083.png,311.0,580.0,527.0,344.0,213.0,270.0
DATASET1_5_8000_00045.png,0.0,0.0,515.0,428.0,151.0,427.0
DATASET1_7_7500_00022.png,0.0,0.0,454.0,530.0,225.0,239.0
DATASET1_3_6000_00084.png,0.0,0.0,200.0,542.0,545.0,368.0
DATASET1_2_11000_00093.png,0.0,0.0,363.0,588.0,384.0,211.0
DATASET1_8_6000_00069.png,462.0,528.0,451.0,186.0,168.0,374.0
DATASET1_3_11000_00061.png,0.0,0.0,468.0,553.0,287.0,207.0
DATASET1_4_13500_00047.png,344.0,609.0,563.0,376.0,251.0,305.0
DATASET1_6_12500_00062.png,0.0,0.0,357.0,546.0,486.0,183.0
DATASET1_1_5500_00073.png,0.0,0.0,311.0,579.0,280.0,207.0
DATASET1_1_14500_00038.png,0.0,0.0,116.0,434.0,494.0,382.0
DATASET1_7_7000_00054.png,0.0,0.0,178.0,433.0,543.0,393.0
DATASET1_4_10000_00006.png,368.0,594.0,565.0,337.0,237.0,300.0
DATASET1_8_5500_00016.png,293.0,525.0,588.0,371.0,303.0,184.0
DATASET1_2_12500_00036.png,0.0,0.0,214.0,546.0,452.0,260.0
DATASET1_7_7500_00055.png,0.0,0.0,238.0,528.0,503.0,276.0
DATASET1_6_4500_00060.png,0.0,0.0,610.0,323.0,222.0,290.0
DATASET1_7_11000_00034.png,0.0,0.0,470.0,512.0,198.0,259.0
DATASET1_1_11500_00048.png,0.0,0.0,419.0,553.0,174.0,259.0
DATASET1_2_7500_00027.png,0.0,0.0,290.0,599.0,407.0,240.0
DATASET1_6_6000_00081.png,0.0,0.0,594.0,334.0,214.0,250.0
DATASET1_8_12000_00008.png,463.0,489.0,450.0,154.0,168.0,332.0
DATASET1_6_14000_00050.png,0.0,0.0,365.0,558.0,469.0,186.0
DATASET1_7_12000_00090.png,0.0,0.0,511.0,485.0,170.0,357.0
DATASET1_3_7000_00078.png,0.0,0.0,501.0,564.0,220.0,288.0
DATASET1_2_8500_00088.png,0.0,0.0,157.0,473.0,501.0,310.0
DATASET1_2_10000_00032.png,0.0,0.0,417.0,571.0,354.0,201.0
DATASET1_7_11000_00032.png,0.0,0.0,458.0,527.0,220.0,240.0
DATASET1_5_14500_00063.png,0.0,0.0,329.0,594.0,209.0,223.0
DATASET1_8_7000_00021.png,415.0,520.0,507.0,205.0,171.0,284.0
DATASET1_7_7000_00095.png,0.0,0.0,432.0,537.0,250.0,217.0
DATASET1_2_5500_00027.png,0.0,0.0,223.0,551.0,439.0,248.0
DATASET1_6_9500_00073.png,0.0,0.0,589.0,270.0,210.0,162.0
DATASET1_7_15000_00040.png,0.0,0.0,300.0,559.0,382.0,200.0
DATASET1_6_6000_00015.png,0.0,0.0,232.0,348.0,620.0,267.0
DATASET1_7_11000_00041.png,0.0,0.0,526.0,476.0,164.0,394.0
DATASET1_6_9500_00007.png,0.0,0.0,448.0,503.0,367.0,123.0
DATASET1_8_14500_00043.png,261.0,507.0,577.0,384.0,302.0,172.0
DATASET1_7_11500_00075.png,0.0,0.0,367.0,577.0,370.0,206.0
DATASET1_1_5000_00027.png,0.0,0.0,166.0,515.0,477.0,303.0
DATASET1_8_11000_00072.png,476.0,511.0,496.0,173.0,196.0,321.0
DATASET1_2_6500_00094.png,0.0,0.0,402.0,577.0,364.0,204.0
DATASET1_2_7000_00061.png,0.0,0.0,260.0,574.0,417.0,239.0
DATASET1_3_5000_00092.png,0.0,0.0,172.0,443.0,560.0,438.0
DATASET1_3_5000_00021.png,0.0,0.0,210.0,556.0,514.0,312.0
DATASET1_5_10500_00057.png,0.0,0.0,492.0,504.0,171.0,341.0
DATASET1_3_10500_00044.png,0.0,0.0,346.0,603.0,444.0,228.0
DATASET1_7_13500_00070.png,0.0,0.0,236.0,552.0,491.0,286.0
DATASET1_5_9000_00025.png,0.0,0.0,484.0,513.0,175.0,322.0
DATASET1_1_6000_00051.png,0.0,0.0,242.0,578.0,367.0,222.0
DATASET1_2_14500_00027.png,0.0,0.0,203.0,546.0,442.0,256.0
DATASET1_4_7000_00095.png,307.0,578.0,568.0,388.0,268.0,256.0
DATASET1_2_7500_00025.png,0.0,0.0,263.0,574.0,418.0,231.0
DATASET1_5_14500_00066.png,0.0,0.0,269.0,593.0,266.0,205.0
DATASET1_3_9000_00075.png,0.0,0.0,441.0,573.0,313.0,203.0
DATASET1_3_8000_00042.png,0.0,0.0,184.0,478.0,565.0,396.0
DATASET1_4_10500_00017.png,300.0,569.0,595.0,441.0,330.0,249.0
DATASET1_4_13500_00082.png,519.0,577.0,413.0,269.0,202.0,517.0
DATASET1_6_11000_00089.png,0.0,0.0,268.0,500.0,556.0,234.0
DATASET1_8_4500_00055.png,523.0,526.0,413.0,197.0,203.0,464.0
DATASET1_5_7500_00001.png,0.0,0.0,410.0,559.0,265.0,229.0
DATASET1_8_7000_00055.png,339.0,525.0,552.0,278.0,230.0,206.0
DATASET1_2_10500_00054.png,0.0,0.0,158.0,416.0,522.0,310.0
DATASET1_6_7500_00069.png,0.0,0.0,548.0,455.0,275.0,175.0
DATASET1_3_10000_00032.png,0.0,0.0,551.0,508.0,174.0,400.0
DATASET1_8_13500_00080.png,270.0,493.0,591.0,389.0,327.0,170.0
DATASET1_3_12500_00092.png,0.0,0.0,527.0,521.0,176.0,353.0
DATASET1_8_9000_00014.png,475.0,518.0,471.0,172.0,185.0,362.0
DATASET1_4_8500_00098.png,372.0,610.0,520.0,322.0,197.0,340.0
DATASET1_2_10500_00082.png,0.0,0.0,524.0,508.0,290.0,219.0
DATASET1_2_14000_00037.png,0.0,0.0,213.0,474.0,516.0,248.0
DATASET1_1_11500_00016.png,0.0,0.0,297.0,580.0,283.0,199.0
DATASET1_7_9500_00024.png,0.0,0.0,367.0,561.0,370.0,194.0
DATASET1_1_7000_00020.png,0.0,0.0,288.0,589.0,312.0,210.0
DATASET1_7_14000_00071.png,0.0,0.0,443.0,541.0,241.0,227.0
DATASET1_1_14000_00090.png,0.0,0.0,480.0,497.0,114.0,386.0
DATASET1_2_8500_00053.png,0.0,0.0,371.0,583.0,382.0,206.0
DATASET1_8_6500_00010.png,280.0,512.0,584.0,378.0,309.0,182.0
DATASET1_8_6000_00057.png,366.0,544.0,513.0,248.0,184.0,265.0
DATASET1_6_5500_00028.png,0.0,0.0,221.0,375.0,609.0,311.0
DATASET1_1_5000_00073.png,0.0,0.0,413.0,574.0,207.0,259.0
DATASET1_5_14000_00090.png,0.0,0.0,244.0,574.0,261.0,187.0
DATASET1_1_9000_00051.png,0.0,0.0,285.0,578.0,361.0,203.0
DATASET1_8_11000_00013.png,422.0,524.0,521.0,197.0,188.0,280.0
DATASET1_1_12000_00053.png,0.0,0.0,285.0,575.0,317.0,195.0
DATASET1_8_12000_00055.png,384.0,528.0,514.0,211.0,174.0,259.0
DATASET1_3_5000_00047.png,0.0,0.0,386.0,588.0,376.0,198.0
DATASET1_5_11000_00084.png,0.0,0.0,241.0,546.0,417.0,222.0
DATASET1_1_6000_00091.png,0.0,0.0,477.0,506.0,133.0,348.0
DATASET1_1_6500_00062.png,0.0,0.0,146.0,456.0,508.0,344.0
DATASET1_1_13000_00053.png,0.0,0.0,157.0,491.0,488.0,308.0
DATASET1_3_14000_00006.png,0.0,0.0,288.0,601.0,489.0,269.0
DATASET1_2_6500_00044.png,0.0,0.0,568.0,449.0,246.0,256.0
DATASET1_6_14500_00009.png,0.0,0.0,530.0,479.0,289.0,164.0
DATASET1_1_6000_00091.png,0.0,0.0,476.0,504.0,133.0,347.0
DATASET1_2_13000_00092.png,0.0,0.0,253.0,575.0,413.0,238.0
DATASET1_3_9000_00081.png,0.0,0.0,496.0,549.0,246.0,248.0
DATASET1_7_7500_00086.png,0.0,0.0,472.0,525.0,207.0,270.0
DATASET1_2_12000_00080.png,0.0,0.0,190.0,531.0,454.0,270.0
DATASET1_5_13000_00009.png,0.0,0.0,132.0,555.0,338.0,224.0
DATASET1_5_13000_00005.png,0.0,0.0,219.0,578.0,298.0,201.0
DATASET1_4_11500_00077.png,356.0,619.0,541.0,354.0,219.0,330.0
DATASET1_4_12000_00061.png,319.0,605.0,599.0,444.0,322.0,279.0
DATASET1_2_13500_00000.png,0.0,0.0,565.0,454.0,247.0,256.0
DATASET1_4_4500_00072.png,280.0,584.0,565.0,439.0,297.0,261.0
DATASET1_3_9500_00037.png,0.0,0.0,482.0,579.0,267.0,253.0
DATASET1_5_7000_00091.png,0.0,0.0,370.0,584.0,296.0,229.0
DATASET1_4_14500_00031.png,277.0,586.0,580.0,465.0,323.0,264.0
DATASET1_7_12500_00039.png,0.0,0.0,185.0,488.0,530.0,355.0
DATASET1_7_12500_00093.png,0.0,0.0,405.0,562.0,327.0,198.0
DATASET1_7_12500_00085.png,0.0,0.0,285.0,564.0,441.0,233.0
DATASET1_6_6500_00062.png,0.0,0.0,589.0,266.0,201.0,256.0
DATASET1_3_5000_00074.png,0.0,0.0,510.0,576.0,191.0,357.0
DATASET1_7_12000_00048.png,0.0,0.0,493.0,516.0,190.0,302.0
DATASET1_7_11500_00065.png,0.0,0.0,238.0,543.0,497.0,288.0
DATASET1_7_9500_00075.png,0.0,0.0,386.0,563.0,343.0,202.0
DATASET1_1_10000_00059.png,0.0,0.0,483.0,467.0,118.0,366.0
DATASET1_7_13500_00085.png,0.0,0.0,449.0,527.0,237.0,222.0
DATASET1_2_11500_00068.png,0.0,0.0,322.0,590.0,389.0,221.0
DATASET1_7_14000_00100.png,0.0,0.0,385.0,547.0,327.0,185.0
DATASET1_3_6500_00049.png,0.0,0.0,537.0,500.0,172.0,380.0
DATASET1_6_8000_00084.png,0.0,0.0,581.0,366.0,224.0,207.0
DATASET1_7_9000_00067.png,0.0,0.0,250.0,543.0,479.0,264.0
DATASET1_8_12500_00060.png,311.0,512.0,575.0,311.0,268.0,179.0
DATASET1_4_12500_00083.png,554.0,538.0,392.0,255.0,226.0,536.0
DATASET1_5_10000_00063.png,0.0,0.0,477.0,506.0,180.0,296.0
DATASET1_7_14000_00005.png,0.0,0.0,465.0,527.0,240.0,232.0
DATASET1_4_9500_00014.png,538.0,565.0,436.0,254.0,221.0,496.0
DATASET1_2_11000_00034.png,0.0,0.0,137.0,452.0,496.0,347.0
DATASET1_6_6000_00094.png,0.0,0.0,229.0,404.0,599.0,283.0
DATASET1_8_7000_00052.png,311.0,526.0,567.0,314.0,254.0,195.0
DATASET1_3_11000_00005.png,0.0,0.0,291.0,583.0,487.0,249.0
DATASET1_2_14000_00004.png,0.0,0.0,179.0,524.0,461.0,281.0
DATASET1_1_8500_00026.png,0.0,0.0,310.0,584.0,275.0,206.0
DATASET1_8_5000_00086.png,534.0,504.0,414.0,188.0,207.0,459.0
DATASET1_7_7000_00100.png,0.0,0.0,467.0,533.0,215.0,266.0
DATASET1_2_11500_00099.png,0.0,0.0,159.0,518.0,468.0,294.0
DATASET1_7_7500_00098.png,0.0,0.0,533.0,453.0,169.0,388.0
DATASET1_7_11000_00034.png,0.0,0.0,470.0,509.0,196.0,260.0
DATASET1_6_14000_00013.png,0.0,0.0,298.0,507.0,521.0,188.0
DATASET1_4_7500_00005.png,320.0,565.0,575.0,378.0,282.0,242.0
DATASET1_5_10500_00019.png,0.0,0.0,440.0,558.0,221.0,263.0
DATASET1_5_5040_00076.png,0.0,0.0,522.0,434.0,159.0,419.0
DATASET1_2_14500_00055.png,0.0,0.0,241.0,382.0,578.0,216.0
DATASET1_6_11500_00040.png,0.0,0.0,551.0,493.0,289.0,201.0
DATASET1_1_12000_00063.png,0.0,0.0,176.0,516.0,474.0,273.0
DATASET1_3_8000_00046.png,0.0,0.0,195.0,521.0,551.0,362.0
DATASET1_4_6000_00030.png,261.0,575.0,573.0,503.0,351.0,262.0
DATASET1_4_9500_00051.png,249.0,539.0,575.0,524.0,401.0,248.0
DATASET1_4_11000_00039.png,302.0,579.0,595.0,445.0,328.0,255.0
DATASET1_2_15000_00086.png,0.0,0.0,560.0,496.0,252.0,278.0
DATASET1_6_5000_00018.png,0.0,0.0,207.0,288.0,598.0,216.0
DATASET1_3_15000_00084.png,0.0,0.0,443.0,573.0,303.0,207.0
DATASET1_7_14000_00041.png,0.0,0.0,482.0,493.0,198.0,263.0
DATASET1_7_8500_00086.png,0.0,0.0,509.0,471.0,175.0,324.0
DATASET1_8_14000_00042.png,541.0,452.0,376.0,154.0,204.0,445.0
DATASET1_1_8000_00098.png,0.0,0.0,446.0,536.0,160.0,289.0
DATASET1_3_11000_00017.png,0.0,0.0,431.0,602.0,297.0,237.0
DATASET1_4_9500_00027.png,329.0,604.0,592.0,417.0,298.0,284.0
DATASET1_8_8000_00002.png,549.0,477.0,422.0,162.0,221.0,442.0
DATASET1_5_11000_00011.png,0.0,0.0,151.0,452.0,508.0,362.0
DATASET1_4_8500_00022.png,359.0,596.0,568.0,345.0,246.0,298.0
DATASET1_2_11000_00018.png,0.0,0.0,517.0,511.0,294.0,216.0
DATASET1_7_14000_00027.png,0.0,0.0,292.0,571.0,439.0,237.0
DATASET1_1_9500_00052.png,0.0,0.0,124.0,443.0,494.0,376.0
DATASET1_2_11000_00057.png,0.0,0.0,477.0,546.0,326.0,207.0
DATASET1_7_14000_00084.png,0.0,0.0,176.0,455.0,535.0,373.0
DATASET1_5_9500_00093.png,0.0,0.0,455.0,538.0,202.0,268.0
DATASET1_7_11000_00073.png,0.0,0.0,440.0,509.0,242.0,202.0
DATASET1_7_14500_00003.png,0.0,0.0,177.0,464.0,528.0,335.0
DATASET1_7_14500_00070.png,0.0,0.0,188.0,497.0,498.0,294.0
DATASET1_4_14500_00013.png,315.0,602.0,555.0,386.0,239.0,287.0
DATASET1_2_9000_00011.png,0.0,0.0,571.0,445.0,252.0,248.0
DATASET1_1_8500_00082.png,0.0,0.0,304.0,582.0,306.0,203.0
DATASET1_8_10000_00062.png,249.0,495.0,569.0,417.0,330.0,175.0
DATASET1_2_12500_00063.png,0.0,0.0,195.0,332.0,570.0,330.0
DATASET1_5_14500_00093.png,0.0,0.0,384.0,583.0,183.0,252.0
DATASET1_6_13000_00020.png,0.0,0.0,300.0,516.0,513.0,190.0
DATASET1_1_12000_00010.png,0.0,0.0,341.0,587.0,256.0,219.0
DATASET1_4_10000_00003.png,342.0,600.0,586.0,390.0,272.0,284.0
DATASET1_6_8000_00091.png,0.0,0.0,602.0,329.0,206.0,318.0
DATASET1_7_14500_00092.png,0.0,0.0,505.0,461.0,170.0,310.0
DATASET1_8_6000_00028.png,543.0,486.0,401.0,176.0,204.0,458.0
DATASET1_3_11500_00001.png,0.0,0.0,482.0,564.0,190.0,299.0
DATASET1_7_7000_00062.png,0.0,0.0,199.0,500.0,525.0,329.0
DATASET1_5_10000_00071.png,0.0,0.0,407.0,558.0,256.0,226.0
DATASET1_3_7500_00027.png,0.0,0.0,244.0,572.0,523.0,302.0
DATASET1_7_12500_00070.png,0.0,0.0,523.0,447.0,161.0,394.0
DATASET1_5_10000_00053.png,0.0,0.0,202.0,342.0,563.0,323.0
DATASET1_3_9500_00070.png,0.0,0.0,306.0,584.0,474.0,233.0
DATASET1_5_13500_00054.png,0.0,0.0,108.0,488.0,455.0,333.0
DATASET1_8_13500_00050.png,502.0,479.0,417.0,152.0,173.0,384.0
DATASET1_3_8500_00093.png,0.0,0.0,443.0,562.0,335.0,188.0
DATASET1_6_13000_00040.png,0.0,0.0,594.0,432.0,239.0,271.0
DATASET1_1_12500_00077.png,0.0,0.0,485.0,465.0,115.0,377.0
DATASET1_1_14000_00084.png,0.0,0.0,122.0,468.0,494.0,370.0
DATASET1_2_7000_00033.png,0.0,0.0,571.0,378.0,200.0,307.0
DATASET1_2_11500_00043.png,0.0,0.0,569.0,441.0,242.0,257.0
DATASET1_5_11500_00061.png,0.0,0.0,311.0,588.0,204.0,220.0
DATASET1_8_10000_00005.png,306.0,521.0,581.0,330.0,279.0,185.0
DATASET1_6_9500_00032.png,0.0,0.0,220.0,415.0,601.0,327.0
DATASET1_6_8500_00036.png,0.0,0.0,443.0,544.0,401.0,155.0
DATASET1_6_14500_00023.png,0.0,0.0,223.0,445.0,575.0,280.0
DATASET1_1_9000_00003.png,0.0,0.0,235.0,566.0,400.0,227.0
DATASET1_1_13500_00007.png,0.0,0.0,410.0,577.0,170.0,274.0
DATASET1_1_8500_00042.png,0.0,0.0,180.0,526.0,456.0,274.0
DATASET1_8_9000_00010.png,429.0,525.0,503.0,198.0,185.0,300.0
DATASET1_1_13000_00072.png,0.0,0.0,371.0,588.0,216.0,239.0
DATASET1_5_13500_00073.png,0.0,0.0,308.0,591.0,207.0,217.0
DATASET1_4_15000_00027.png,404.0,609.0,501.0,298.0,181.0,368.0
DATASET1_7_8000_00037.png,0.0,0.0,543.0,447.0,173.0,424.0
DATASET1_6_6000_00077.png,0.0,0.0,577.0,354.0,216.0,214.0
DATASET1_4_14000_00087.png,477.0,593.0,453.0,266.0,183.0,446.0
DATASET1_8_6500_00057.png,283.0,520.0,592.0,387.0,321.0,180.0
DATASET1_4_4500_00079.png,305.0,588.0,548.0,381.0,243.0,270.0
DATASET1_2_13500_00074.png,0.0,0.0,594.0,405.0,218.0,365.0
DATASET1_6_8500_00099.png,0.0,0.0,530.0,488.0,299.0,168.0
DATASET1_2_5000_00015.png,0.0,0.0,204.0,345.0,582.0,313.0
DATASET1_5_10500_00086.png,0.0,0.0,179.0,500.0,483.0,293.0
DATASET1_4_5000_00026.png,528.0,538.0,411.0,238.0,210.0,491.0
DATASET1_6_7000_00093.png,0.0,0.0,251.0,451.0,543.0,193.0
DATASET1_7_13500_00056.png,0.0,0.0,506.0,480.0,176.0,314.0
DATASET1_4_8000_00000.png,447.0,589.0,498.0,272.0,196.0,389.0
DATASET1_1_13500_00006.png,0.0,0.0,429.0,554.0,159.0,284.0
DATASET1_4_9500_00095.png,342.0,579.0,575.0,355.0,265.0,260.0
DATASET1_8_14500_00061.png,205.0,459.0,546.0,446.0,365.0,158.0
DATASET1_7_11500_00090.png,0.0,0.0,507.0,478.0,171.0,328.0
DATASET1_3_14500_00040.png,0.0,0.0,520.0,474.0,150.0,350.0
DATASET1_4_10500_00093.png,486.0,623.0,471.0,294.0,201.0,472.0
DATASET1_8_12000_00045.png,271.0,495.0,581.0,368.0,314.0,160.0
DATASET1_6_5000_00002.png,0.0,0.0,588.0,340.0,215.0,196.0
DATASET1_7_7500_00049.png,0.0,0.0,204.0,491.0,535.0,329.0
DATASET1_8_8500_00006.png,234.0,469.0,570.0,459.0,390.0,165.0
DATASET1_7_7000_00006.png,0.0,0.0,256.0,566.0,475.0,270.0
DATASET1_7_14000_00085.png,0.0,0.0,173.0,477.0,528.0,363.0
DATASET1_3_8000_00071.png,0.0,0.0,421.0,593.0,330.0,210.0
DATASET1_1_10000_00089.png,0.0,0.0,207.0,544.0,429.0,232.0
DATASET1_2_14000_00077.png,0.0,0.0,285.0,580.0,403.0,220.0
DATASET1_1_6500_00065.png,0.0,0.0,130.0,438.0,503.0,376.0
DATASET1_7_9500_00079.png,0.0,0.0,413.0,548.0,279.0,210.0
DATASET1_7_6500_00074.png,0.0,0.0,408.0,544.0,296.0,194.0
DATASET1_4_5000_00091.png,229.0,539.0,556.0,533.0,386.0,256.0
DATASET1_6_5500_00075.png,0.0,0.0,500.0,528.0,347.0,164.0
DATASET1_4_8500_00070.png,473.0,587.0,475.0,265.0,196.0,431.0
DATASET1_2_6500_00061.png,0.0,0.0,222.0,397.0,589.0,314.0
DATASET1_2_7000_00052.png,0.0,0.0,178.0,523.0,463.0,282.0
DATASET1_3_8000_00054.png,0.0,0.0,260.0,575.0,516.0,281.0
DATASET1_6_5000_00077.png,0.0,0.0,526.0,443.0,284.0,141.0
DATASET1_5_15000_00087.png,0.0,0.0,421.0,534.0,132.0,280.0
DATASET1_8_5000_00084.png,519.0,509.0,417.0,185.0,196.0,439.0
DATASET1_7_11500_00089.png,0.0,0.0,498.0,483.0,175.0,309.0
DATASET1_8_5500_00001.png,521.0,499.0,386.0,187.0,191.0,465.0
DATASET1_5_5520_00039.png,0.0,0.0,491.0,513.0,182.0,320.0
DATASET1_8_14000_00055.png,399.0,532.0,521.0,218.0,186.0,268.0
DATASET1_6_11000_00030.png,0.0,0.0,570.0,361.0,222.0,183.0
DATASET1_5_9500_00050.png,0.0,0.0,402.0,578.0,268.0,236.0
DATASET1_5_9500_00066.png,0.0,0.0,220.0,534.0,442.0,250.0
DATASET1_4_12000_00022.png,469.0,619.0,478.0,292.0,193.0,451.0
DATASET1_1_10000_00052.png,0.0,0.0,123.0,444.0,496.0,375.0
DATASET1_7_10500_00008.png,0.0,0.0,383.0,574.0,327.0,214.0
DATASET1_1_11500_00058.png,0.0,0.0,288.0,568.0,322.0,189.0
DATASET1_5_8000_00058.png,0.0,0.0,476.0,536.0,194.0,293.0
DATASET1_3_7000_00055.png,0.0,0.0,330.0,602.0,448.0,231.0
DATASET1_8_8000_00027.png,405.0,532.0,514.0,212.0,178.0,286.0
DATASET1_8_10000_00090.png,229.0,468.0,564.0,448.0,378.0,164.0
DATASET1_7_14000_00071.png,0.0,0.0,442.0,537.0,241.0,227.0
DATASET1_4_7500_00043.png,300.0,585.0,586.0,432.0,309.0,258.0
DATASET1_5_11000_00090.png,0.0,0.0,181.0,501.0,474.0,285.0
DATASET1_5_9500_00020.png,0.0,0.0,197.0,532.0,466.0,281.0
DATASET1_3_10500_00056.png,0.0,0.0,475.0,553.0,255.0,227.0
DATASET1_4_14500_00016.png,360.0,637.0,528.0,356.0,201.0,352.0
DATASET1_1_14000_00095.png,0.0,0.0,434.0,552.0,158.0,291.0
DATASET1_8_10500_00018.png,350.0,525.0,556.0,258.0,222.0,217.0
DATASET1_1_9500_00034.png,0.0,0.0,260.0,574.0,345.0,208.0
DATASET1_6_11500_00031.png,0.0,0.0,428.0,560.0,415.0,171.0
DATASET1_1_5500_00047.png,0.0,0.0,479.0,504.0,142.0,335.0
DATASET1_6_7000_00061.png,0.0,0.0,552.0,410.0,275.0,134.0
DATASET1_2_10500_00021.png,0.0,0.0,247.0,574.0,426.0,242.0
DATASET1_3_6500_00011.png,0.0,0.0,306.0,596.0,475.0,247.0
DATASET1_5_7500_00073.png,0.0,0.0,315.0,560.0,354.0,200.0
DATASET1_1_5500_00094.png,0.0,0.0,192.0,542.0,422.0,243.0
DATASET1_3_5000_00096.png,0.0,0.0,173.0,484.0,560.0,431.0
DATASET1_6_7000_00001.png,0.0,0.0,578.0,435.0,241.0,236.0
DATASET1_8_15000_00037.png,423.0,520.0,514.0,192.0,184.0,278.0
DATASET1_6_15000_00055.png,0.0,0.0,403.0,571.0,418.0,180.0
DATASET1_1_12000_00095.png,0.0,0.0,244.0,576.0,366.0,214.0
DATASET1_4_15000_00005.png,385.0,623.0,522.0,328.0,193.0,359.0
DATASET1_1_11500_00029.png,0.0,0.0,159.0,498.0,474.0,286.0
DATASET1_8_12000_00053.png,361.0,534.0,537.0,238.0,190.0,237.0
DATASET1_3_9000_00011.png,0.0,0.0,291.0,579.0,464.0,231.0
DATASET1_6_10000_00075.png,0.0,0.0,222.0,409.0,585.0,253.0
DATASET1_4_15000_00038.png,252.0,575.0,574.0,488.0,339.0,259.0
DATASET1_5_6000_00082.png,0.0,0.0,238.0,550.0,436.0,244.0
DATASET1_8_7500_00002.png,473.0,507.0,457.0,174.0,169.0,356.0
DATASET1_1_9000_00055.png,0.0,0.0,234.0,574.0,392.0,229.0
DATASET1_7_7000_00004.png,0.0,0.0,243.0,555.0,489.0,277.0
DATASET1_3_5500_00036.png,0.0,0.0,178.0,469.0,564.0,444.0
DATASET1_1_5000_00012.png,0.0,0.0,225.0,573.0,390.0,232.0
DATASET1_8_11000_00077.png,529.0,486.0,432.0,161.0,203.0,402.0
DATASET1_7_6500_00074.png,0.0,0.0,404.0,543.0,295.0,194.0
DATASET1_4_7000_00021.png,402.0,598.0,497.0,286.0,179.0,366.0
DATASET1_3_6000_00057.png,0.0,0.0,505.0,561.0,185.0,342.0
DATASET1_3_7000_00035.png,0.0,0.0,192.0,502.0,565.0,391.0
DATASET1_5_12500_00041.png,0.0,0.0,94.0,449.0,480.0,416.0
DATASET1_1_7500_00062.png,0.0,0.0,479.0,504.0,129.0,355.0
DATASET1_6_13000_00005.png,0.0,0.0,586.0,318.0,221.0,190.0
DATASET1_6_7500_00018.png,0.0,0.0,592.0,397.0,216.0,282.0
DATASET1_7_15000_00029.png,0.0,0.0,164.0,431.0,524.0,348.0
DATASET1_5_14000_00035.png,0.0,0.0,114.0,478.0,465.0,323.0
DATASET1_2_4500_00038.png,0.0,0.0,205.0,421.0,560.0,294.0
DATASET1_4_13500_00067.png,307.0,607.0,589.0,443.0,306.0,277.0
DATASET1_4_4500_00085.png,319.0,595.0,524.0,346.0,206.0,292.0
DATASET1_8_9000_00018.png,522.0,486.0,435.0,152.0,209.0,403.0
DATASET1_1_8500_00051.png,0.0,0.0,142.0,452.0,509.0,371.0
DATASET1_3_5500_00011.png,0.0,0.0,482.0,541.0,227.0,242.0
DATASET1_3_14500_00066.png,0.0,0.0,489.0,534.0,256.0,219.0
DATASET1_4_14000_00020.png,483.0,603.0,464.0,280.0,192.0,450.0
DATASET1_1_15000_00029.png,0.0,0.0,105.0,418.0,494.0,414.0
DATASET1_2_11000_00009.png,0.0,0.0,376.0,584.0,389.0,207.0
DATASET1_4_13000_00007.png,561.0,545.0,420.0,248.0,237.0,515.0
DATASET1_1_15000_00069.png,0.0,0.0,432.0,571.0,160.0,288.0
DATASET1_6_14000_00097.png,0.0,0.0,552.0,360.0,226.0,132.0
DATASET1_4_5000_00087.png,527.0,548.0,394.0,248.0,204.0,508.0
DATASET1_2_9500_00022.png,0.0,0.0,370.0,582.0,380.0,206.0
DATASET1_1_14000_00056.png,0.0,0.0,482.0,475.0,113.0,372.0
DATASET1_2_6000_00084.png,0.0,0.0,484.0,550.0,322.0,207.0
DATASET1_3_9500_00077.png,0.0,0.0,390.0,602.0,390.0,206.0
DATASET1_8_4500_00072.png,273.0,509.0,581.0,394.0,321.0,174.0
DATASET1_6_5000_00004.png,0.0,0.0,587.0,350.0,214.0,235.0
DATASET1_7_14000_00042.png,0.0,0.0,493.0,493.0,187.0,289.0
DATASET1_2_13000_00073.png,0.0,0.0,575.0,435.0,244.0,254.0
DATASET1_2_11500_00095.png,0.0,0.0,123.0,473.0,481.0,347.0
DATASET1_8_7000_00046.png,273.0,507.0,575.0,374.0,307.0,173.0
DATASET1_8_7000_00076.png,527.0,496.0,433.0,167.0,204.0,421.0
DATASET1_8_11000_00002.png,292.0,512.0,586.0,355.0,298.0,176.0
DATASET1_8_15000_00100.png,440.0,522.0,490.0,183.0,169.0,306.0
DATASET1_1_11500_00065.png,0.0,0.0,199.0,537.0,424.0,223.0
DATASET1_7_9500_00078.png,0.0,0.0,418.0,555.0,301.0,201.0
DATASET1_7_14000_00100.png,0.0,0.0,385.0,545.0,330.0,184.0
DATASET1_3_7000_00016.png,0.0,0.0,520.0,557.0,198.0,343.0
DATASET1_6_4500_00097.png,0.0,0.0,328.0,577.0,499.0,230.0
DATASET1_2_11500_00013.png,0.0,0.0,151.0,449.0,508.0,333.0
DATASET1_6_4500_00095.png,0.0,0.0,315.0,572.0,514.0,235.0
DATASET1_1_13500_00045.png,0.0,0.0,356.0,586.0,212.0,222.0
DATASET1_1_7500_00097.png,0.0,0.0,214.0,552.0,431.0,242.0
DATASET1_1_9000_00020.png,0.0,0.0,121.0,416.0,497.0,379.0
DATASET1_2_13500_00024.png,0.0,0.0,386.0,578.0,371.0,206.0
DATASET1_5_10500_00067.png,0.0,0.0,402.0,568.0,266.0,230.0
DATASET1_1_6500_00036.png,0.0,0.0,283.0,583.0,323.0,208.0
DATASET1_6_9500_00005.png,0.0,0.0,427.0,552.0,398.0,161.0
DATASET1_5_11500_00079.png,0.0,0.0,102.0,494.0,444.0,322.0
DATASET1_1_14000_00087.png,0.0,0.0,497.0,435.0,117.0,428.0
DATASET1_3_6500_00025.png,0.0,0.0,420.0,586.0,348.0,201.0
DATASET1_8_9000_00034.png,317.0,528.0,559.0,304.0,236.0,201.0
DATASET1_4_4500_00001.png,254.0,564.0,556.0,453.0,306.0,247.0
DATASET1_6_11000_00079.png,0.0,0.0,222.0,331.0,614.0,331.0
DATASET1_7_5500_00069.png,0.0,0.0,276.0,576.0,451.0,261.0
DATASET1_3_13000_00051.png,0.0,0.0,437.0,585.0,332.0,203.0
DATASET1_7_11500_00047.png,0.0,0.0,487.0,522.0,187.0,310.0
DATASET1_3_7000_00032.png,0.0,0.0,178.0,485.0,567.0,421.0
DATASET1_1_14500_00087.png,0.0,0.0,311.0,593.0,267.0,201.0
DATASET1_2_7500_00050.png,0.0,0.0,550.0,480.0,266.0,240.0
DATASET1_3_9500_00052.png,0.0,0.0,565.0,448.0,176.0,435.0
DATASET1_6_6500_00070.png,0.0,0.0,218.0,390.0,600.0,262.0
DATASET1_2_11500_00036.png,0.0,0.0,494.0,535.0,312.0,208.0
DATASET1_5_10500_00093.png,0.0,0.0,151.0,443.0,516.0,407.0
DATASET1_3_13500_00030.png,0.0,0.0,500.0,547.0,230.0,271.0
DATASET1_6_7500_00091.png,0.0,0.0,224.0,360.0,600.0,241.0
DATASET1_6_14000_00012.png,0.0,0.0,288.0,515.0,542.0,216.0
DATASET1_8_10500_00034.png,558.0,460.0,401.0,165.0,225.0,447.0
DATASET1_5_12000_00041.png,0.0,0.0,109.0,465.0,471.0,357.0
DATASET1_6_14000_00070.png,0.0,0.0,606.0,325.0,210.0,321.0
DATASET1_3_15000_00064.png,0.0,0.0,553.0,441.0,166.0,418.0
DATASET1_3_7000_00042.png,0.0,0.0,231.0,553.0,538.0,323.0
DATASET1_2_9000_00087.png,0.0,0.0,215.0,580.0,436.0,275.0
DATASET1_2_12500_00008.png,0.0,0.0,405.0,576.0,377.0,204.0
DATASET1_4_12000_00051.png,520.0,578.0,441.0,266.0,209.0,489.0
DATASET1_2_12500_00083.png,0.0,0.0,407.0,574.0,373.0,201.0
DATASET1_2_10000_00040.png,0.0,0.0,534.0,505.0,286.0,223.0
DATASET1_3_14500_00028.png,0.0,0.0,409.0,576.0,374.0,185.0
DATASET1_8_11000_00051.png,538.0,468.0,388.0,163.0,203.0,447.0
DATASET1_1_5000_00064.png,0.0,0.0,459.0,534.0,164.0,299.0
DATASET1_3_10500_00007.png,0.0,0.0,438.0,603.0,325.0,228.0
DATASET1_2_6000_00052.png,0.0,0.0,174.0,526.0,463.0,285.0
DATASET1_6_9000_00087.png,0.0,0.0,456.0,552.0,353.0,173.0
DATASET1_8_8000_00093.png,315.0,526.0,578.0,319.0,259.0,194.0
DATASET1_7_11000_00002.png,0.0,0.0,170.0,431.0,539.0,417.0
DATASET1_4_8500_00064.png,398.0,594.0,506.0,291.0,187.0,347.0
DATASET1_4_9000_00080.png,261.0,555.0,581.0,531.0,401.0,262.0
DATASET1_2_7000_00088.png,0.0,0.0,547.0,485.0,270.0,236.0
DATASET1_1_13000_00015.png,0.0,0.0,176.0,514.0,474.0,277.0
DATASET1_3_12500_00043.png,0.0,0.0,426.0,583.0,371.0,199.0
DATASET1_7_11500_00028.png,0.0,0.0,284.0,561.0,457.0,241.0
DATASET1_2_7000_00061.png,0.0,0.0,260.0,573.0,419.0,238.0
DATASET1_7_12500_00087.png,0.0,0.0,316.0,560.0,422.0,205.0
DATASET1_1_13500_00002.png,0.0,0.0,478.0,498.0,131.0,338.0
DATASET1_7_9500_00026.png,0.0,0.0,381.0,563.0,338.0,195.0
DATASET1_6_7500_00022.png,0.0,0.0,613.0,306.0,223.0,280.0
DATASET1_2_5000_00026.png,0.0,0.0,204.0,442.0,540.0,273.0
DATASET1_6_13000_00062.png,0.0,0.0,399.0,528.0,425.0,137.0
DATASET1_8_9000_00047.png,463.0,521.0,480.0,173.0,175.0,355.0
DATASET1_1_8500_00086.png,0.0,0.0,272.0,580.0,358.0,211.0
DATASET1_1_10000_00061.png,0.0,0.0,479.0,501.0,133.0,356.0
DATASET1_2_14500_00007.png,0.0,0.0,489.0,536.0,311.0,209.0
DATASET1_8_11500_00071.png,516.0,478.0,425.0,160.0,190.0,404.0
DATASET1_5_11000_00050.png,0.0,0.0,171.0,477.0,494.0,310.0
DATASET1_7_6500_00002.png,0.0,0.0,392.0,553.0,308.0,199.0
DATASET1_6_12500_00094.png,0.0,0.0,252.0,523.0,542.0,255.0
DATASET1_4_10000_00010.png,398.0,592.0,522.0,293.0,202.0,341.0
DATASET1_7_12500_00066.png,0.0,0.0,504.0,480.0,178.0,308.0
DATASET1_1_12500_00012.png,0.0,0.0,375.0,577.0,195.0,245.0
DATASET1_2_15000_00050.png,0.0,0.0,487.0,536.0,312.0,199.0
DATASET1_1_5500_00016.png,0.0,0.0,164.0,512.0,451.0,267.0
DATASET1_6_11500_00056.png,0.0,0.0,220.0,425.0,584.0,280.0
DATASET1_8_7500_00042.png,457.0,515.0,466.0,174.0,167.0,356.0
DATASET1_7_6000_00003.png,0.0,0.0,198.0,502.0,530.0,352.0
DATASET1_5_6000_00015.png,0.0,0.0,190.0,503.0,483.0,294.0
DATASET1_8_13500_00042.png,379.0,531.0,536.0,229.0,197.0,254.0
DATASET1_3_6500_00047.png,0.0,0.0,530.0,515.0,175.0,366.0
DATASET1_2_7000_00040.png,0.0,0.0,196.0,382.0,576.0,325.0
DATASET1_6_6000_00032.png,0.0,0.0,292.0,504.0,523.0,188.0
DATASET1_1_9000_00054.png,0.0,0.0,256.0,563.0,397.0,210.0
DATASET1_2_7500_00042.png,0.0,0.0,490.0,542.0,319.0,206.0
DATASET1_7_9000_00059.png,0.0,0.0,199.0,496.0,531.0,357.0
DATASET1_3_6500_00083.png,0.0,0.0,316.0,599.0,451.0,235.0
DATASET1_3_8500_00055.png,0.0,0.0,533.0,517.0,168.0,377.0
DATASET1_1_5500_00043.png,0.0,0.0,490.0,474.0,130.0,360.0
DATASET1_4_12500_00078.png,508.0,594.0,470.0,267.0,209.0,462.0
DATASET1_3_8000_00048.png,0.0,0.0,213.0,540.0,546.0,342.0
DATASET1_8_15000_00074.png,338.0,535.0,560.0,272.0,220.0,211.0
DATASET1_4_6000_00031.png,265.0,564.0,573.0,474.0,337.0,246.0
DATASET1_5_8500_00065.png,0.0,0.0,240.0,548.0,421.0,227.0
DATASET1_8_6500_00027.png,373.0,542.0,508.0,229.0,167.0,280.0
DATASET1_6_9000_00095.png,0.0,0.0,534.0,428.0,266.0,137.0
DATASET1_4_5000_00018.png,480.0,563.0,450.0,238.0,185.0,431.0
DATASET1_4_7500_00098.png,403.0,598.0,525.0,294.0,199.0,345.0
DATASET1_5_11500_00027.png,0.0,0.0,239.0,579.0,325.0,203.0
DATASET1_6_14000_00048.png,0.0,0.0,330.0,514.0,503.0,171.0
DATASET1_7_6000_00000.png,0.0,0.0,188.0,472.0,538.0,366.0
DATASET1_7_11000_00049.png,0.0,0.0,193.0,491.0,540.0,362.0
DATASET1_4_14500_00076.png,298.0,588.0,571.0,418.0,285.0,262.0
DATASET1_1_5000_00038.png,0.0,0.0,138.0,450.0,504.0,364.0
DATASET1_6_13500_00085.png,0.0,0.0,563.0,406.0,235.0,184.0
DATASET1_2_13500_00047.png,0.0,0.0,149.0,498.0,466.0,299.0
DATASET1_4_11000_00007.png,260.0,568.0,581.0,523.0,377.0,270.0
DATASET1_4_12000_00040.png,350.0,592.0,546.0,333.0,226.0,291.0
DATASET1_1_5000_00046.png,0.0,0.0,502.0,440.0,123.0,422.0
DATASET1_1_13000_00069.png,0.0,0.0,427.0,574.0,185.0,278.0
DATASET1_1_8500_00049.png,0.0,0.0,126.0,467.0,483.0,341.0
DATASET1_1_11500_00050.png,0.0,0.0,381.0,570.0,193.0,244.0
DATASET1_5_7000_00056.png,0.0,0.0,161.0,478.0,505.0,377.0
DATASET1_8_10500_00083.png,417.0,524.0,493.0,197.0,172.0,293.0
DATASET1_7_14000_00091.png,0.0,0.0,238.0,549.0,475.0,270.0
DATASET1_7_13500_00013.png,0.0,0.0,420.0,540.0,293.0,196.0
DATASET1_6_11000_00036.png,0.0,0.0,601.0,342.0,216.0,333.0
DATASET1_8_10500_00059.png,507.0,487.0,450.0,160.0,191.0,376.0
DATASET1_7_14000_00006.png,0.0,0.0,466.0,512.0,216.0,244.0
DATASET1_8_14000_00021.png,209.0,465.0,555.0,427.0,343.0,152.0
DATASET1_1_9500_00051.png,0.0,0.0,133.0,463.0,497.0,370.0
DATASET1_8_4500_00035.png,406.0,548.0,504.0,227.0,174.0,308.0
DATASET1_4_9500_00044.png,506.0,590.0,470.0,266.0,211.0,467.0
DATASET1_2_15000_00096.png,0.0,0.0,229.0,405.0,576.0,259.0
DATASET1_5_5520_00083.png,0.0,0.0,218.0,550.0,448.0,261.0
DATASET1_3_6500_00080.png,0.0,0.0,291.0,604.0,475.0,262.0
DATASET1_1_11000_00078.png,0.0,0.0,162.0,516.0,456.0,281.0
DATASET1_5_5040_00011.png,0.0,0.0,454.0,574.0,226.0,285.0
DATASET1_5_9500_00036.png,0.0,0.0,506.0,488.0,159.0,376.0
DATASET1_8_12500_00075.png,518.0,466.0,406.0,146.0,186.0,401.0
DATASET1_4_5000_00011.png,423.0,591.0,469.0,269.0,171.0,394.0
DATASET1_3_13500_00035.png,0.0,0.0,535.0,514.0,163.0,381.0
DATASET1_5_7000_00079.png,0.0,0.0,461.0,550.0,208.0,292.0
DATASET1_6_9000_00035.png,0.0,0.0,462.0,553.0,379.0,170.0
DATASET1_8_6000_00098.png,319.0,525.0,569.0,303.0,247.0,191.0
DATASET1_5_13000_00076.png,0.0,0.0,224.0,567.0,264.0,187.0
DATASET1_2_12500_00093.png,0.0,0.0,556.0,459.0,253.0,239.0
DATASET1_5_5040_00081.png,0.0,0.0,516.0,460.0,164.0,380.0
DATASET1_8_8000_00056.png,326.0,525.0,582.0,303.0,258.0,197.0
DATASET1_3_7500_00005.png,0.0,0.0,541.0,489.0,177.0,355.0
DATASET1_3_14000_00013.png,0.0,0.0,418.0,600.0,374.0,210.0
DATASET1_8_12000_00000.png,353.0,529.0,547.0,251.0,208.0,218.0
DATASET1_2_14500_00029.png,0.0,0.0,267.0,520.0,451.0,192.0
DATASET1_2_10000_00004.png,0.0,0.0,548.0,380.0,175.0,329.0
DATASET1_1_6000_00023.png,0.0,0.0,438.0,555.0,168.0,293.0
DATASET1_4_7000_00093.png,305.0,579.0,573.0,413.0,291.0,254.0
DATASET1_1_6000_00019.png,0.0,0.0,475.0,519.0,163.0,307.0
DATASET1_5_5040_00092.png,0.0,0.0,488.0,519.0,188.0,317.0
DATASET1_4_10500_00004.png,484.0,607.0,473.0,281.0,201.0,451.0
DATASET1_2_14500_00015.png,0.0,0.0,580.0,377.0,224.0,272.0
DATASET1_6_13500_00039.png,0.0,0.0,413.0,565.0,425.0,169.0
DATASET1_7_5500_00013.png,0.0,0.0,430.0,541.0,256.0,221.0
DATASET1_3_6500_00031.png,0.0,0.0,453.0,552.0,283.0,201.0
DATASET1_6_8000_00031.png,0.0,0.0,598.0,372.0,210.0,303.0
DATASET1_6_7500_00092.png,0.0,0.0,229.0,423.0,596.0,285.0
DATASET1_8_5000_00003.png,369.0,548.0,519.0,244.0,177.0,267.0
DATASET1_5_14500_00055.png,0.0,0.0,457.0,516.0,116.0,340.0
DATASET1_8_5000_00058.png,361.0,540.0,555.0,264.0,217.0,239.0
DATASET1_2_12500_00064.png,0.0,0.0,192.0,376.0,566.0,344.0
DATASET1_3_6000_00012.png,0.0,0.0,227.0,567.0,525.0,315.0
DATASET1_5_15000_00021.png,0.0,0.0,460.0,506.0,109.0,346.0
DATASET1_8_7000_00021.png,400.0,527.0,514.0,194.0,172.0,286.0
DATASET1_6_10000_00023.png,0.0,0.0,214.0,321.0,612.0,315.0
DATASET1_6_7500_00026.png,0.0,0.0,224.0,376.0,614.0,330.0
DATASET1_2_6500_00056.png,0.0,0.0,571.0,350.0,191.0,349.0
DATASET1_1_7000_00014.png,0.0,0.0,336.0,591.0,255.0,220.0
DATASET1_3_11500_00025.png,0.0,0.0,312.0,590.0,481.0,236.0
DATASET1_2_12500_00038.png,0.0,0.0,239.0,561.0,428.0,243.0
DATASET1_2_8000_00027.png,0.0,0.0,417.0,573.0,356.0,204.0
DATASET1_5_9500_00009.png,0.0,0.0,306.0,569.0,358.0,207.0
DATASET1_5_11000_00067.png,0.0,0.0,463.0,542.0,201.0,280.0
DATASET1_5_11000_00019.png,0.0,0.0,504.0,466.0,157.0,342.0
DATASET1_3_13000_00086.png,0.0,0.0,424.0,592.0,350.0,209.0
DATASET1_2_8500_00020.png,0.0,0.0,583.0,395.0,225.0,268.0
DATASET1_8_7000_00031.png,503.0,505.0,438.0,168.0,191.0,396.0
DATASET1_7_10500_00000.png,0.0,0.0,293.0,553.0,442.0,220.0
DATASET1_2_11500_00084.png,0.0,0.0,571.0,433.0,249.0,251.0
DATASET1_2_15000_00089.png,0.0,0.0,583.0,454.0,219.0,345.0
DATASET1_3_8000_00038.png,0.0,0.0,567.0,454.0,178.0,453.0
DATASET1_2_11500_00019.png,0.0,0.0,195.0,521.0,465.0,263.0
DATASET1_2_7000_00085.png,0.0,0.0,531.0,508.0,294.0,221.0
DATASET1_4_10000_00077.png,462.0,604.0,480.0,281.0,192.0,431.0
DATASET1_8_10000_00007.png,314.0,527.0,567.0,299.0,246.0,199.0
DATASET1_4_12500_00100.png,444.0,627.0,489.0,300.0,190.0,421.0
DATASET1_5_8500_00083.png,0.0,0.0,148.0,419.0,512.0,415.0
DATASET1_2_8000_00015.png,0.0,0.0,248.0,567.0,423.0,239.0
DATASET1_4_8500_00029.png,408.0,609.0,503.0,297.0,190.0,371.0
DATASET1_2_7000_00092.png,0.0,0.0,561.0,451.0,241.0,261.0
DATASET1_4_9500_00071.png,428.0,597.0,508.0,279.0,193.0,370.0
DATASET1_6_9000_00098.png,0.0,0.0,552.0,409.0,241.0,166.0
DATASET1_1_14500_00025.png,0.0,0.0,254.0,575.0,325.0,191.0
DATASET1_4_13500_00031.png,449.0,631.0,492.0,305.0,193.0,432.0
DATASET1_2_15000_00017.png,0.0,0.0,454.0,558.0,342.0,199.0
DATASET1_7_5500_00039.png,0.0,0.0,529.0,433.0,165.0,398.0
DATASET1_3_7500_00070.png,0.0,0.0,544.0,484.0,164.0,418.0
DATASET1_4_5000_00047.png,294.0,588.0,563.0,407.0,274.0,262.0
DATASET1_6_6500_00096.png,0.0,0.0,408.0,527.0,431.0,136.0
DATASET1_5_12000_00016.png,0.0,0.0,403.0,569.0,150.0,286.0
DATASET1_4_7000_00071.png,461.0,599.0,458.0,274.0,180.0,439.0
DATASET1_5_10000_00098.png,0.0,0.0,147.0,440.0,509.0,385.0
DATASET1_3_7500_00044.png,0.0,0.0,387.0,598.0,358.0,210.0
DATASET1_2_10000_00024.png,0.0,0.0,281.0,581.0,412.0,233.0
DATASET1_7_11000_00045.png,0.0,0.0,182.0,438.0,548.0,408.0
DATASET1_1_14500_00074.png,0.0,0.0,503.0,463.0,126.0,381.0
DATASET1_7_8000_00001.png,0.0,0.0,286.0,564.0,452.0,236.0
DATASET1_2_11500_00099.png,0.0,0.0,161.0,521.0,464.0,293.0
DATASET1_2_7000_00050.png,0.0,0.0,169.0,509.0,471.0,294.0
DATASET1_4_9500_00054.png,285.0,572.0,597.0,495.0,373.0,255.0
DATASET1_8_6000_00081.png,232.0,474.0,568.0,472.0,395.0,174.0
DATASET1_6_9500_00053.png,0.0,0.0,416.0,498.0,409.0,108.0
DATASET1_1_12000_00025.png,0.0,0.0,171.0,495.0,484.0,284.0
DATASET1_2_5000_00014.png,0.0,0.0,204.0,366.0,583.0,347.0
DATASET1_1_13000_00010.png,0.0,0.0,209.0,561.0,384.0,219.0
DATASET1_1_7500_00059.png,0.0,0.0,493.0,473.0,126.0,381.0
DATASET1_6_10500_00083.png,0.0,0.0,234.0,461.0,581.0,274.0
DATASET1_7_7500_00090.png,0.0,0.0,497.0,510.0,189.0,311.0
DATASET1_6_9000_00013.png,0.0,0.0,235.0,474.0,593.0,307.0
DATASET1_2_15000_00014.png,0.0,0.0,385.0,540.0,380.0,165.0
DATASET1_7_7500_00054.png,0.0,0.0,231.0,523.0,505.0,277.0
DATASET1_2_8000_00070.png,0.0,0.0,217.0,545.0,445.0,249.0
DATASET1_2_8000_00021.png,0.0,0.0,324.0,597.0,389.0,226.0
DATASET1_6_9500_00011.png,0.0,0.0,497.0,504.0,326.0,151.0
DATASET1_7_10500_00089.png,0.0,0.0,301.0,570.0,446.0,237.0
DATASET1_3_7500_00005.png,0.0,0.0,541.0,490.0,177.0,355.0
DATASET1_8_13000_00076.png,330.0,519.0,573.0,289.0,250.0,194.0
DATASET1_3_9500_00066.png,0.0,0.0,260.0,572.0,513.0,274.0
DATASET1_4_13500_00037.png,564.0,544.0,428.0,241.0,235.0,506.0
DATASET1_1_14000_00071.png,0.0,0.0,283.0,578.0,318.0,196.0
DATASET1_5_5520_00016.png,0.0,0.0,166.0,472.0,508.0,359.0
DATASET1_5_10500_00059.png,0.0,0.0,484.0,522.0,183.0,308.0
DATASET1_1_11500_00096.png,0.0,0.0,320.0,574.0,279.0,192.0
DATASET1_5_7000_00062.png,0.0,0.0,514.0,424.0,154.0,422.0
DATASET1_1_13500_00018.png,0.0,0.0,252.0,559.0,369.0,193.0
DATASET1_5_6000_00047.png,0.0,0.0,474.0,541.0,198.0,304.0
DATASET1_1_12500_00055.png,0.0,0.0,309.0,586.0,295.0,198.0
DATASET1_1_9500_00095.png,0.0,0.0,159.0,511.0,483.0,307.0
DATASET1_7_10000_00032.png,0.0,0.0,534.0,451.0,168.0,397.0
DATASET1_4_8500_00095.png,355.0,580.0,545.0,322.0,228.0,278.0
DATASET1_8_14500_00016.png,522.0,479.0,398.0,152.0,187.0,420.0
DATASET1_6_9500_00004.png,0.0,0.0,415.0,534.0,410.0,142.0
DATASET1_5_6500_00022.png,0.0,0.0,350.0,575.0,328.0,212.0
DATASET1_7_6000_00093.png,0.0,0.0,276.0,562.0,480.0,257.0
DATASET1_6_7000_00010.png,0.0,0.0,594.0,284.0,207.0,244.0
DATASET1_5_4500_00050.png,0.0,0.0,379.0,589.0,300.0,235.0
DATASET1_2_8500_00089.png,0.0,0.0,157.0,491.0,485.0,308.0
DATASET1_2_9000_00028.png,0.0,0.0,146.0,502.0,480.0,330.0
DATASET1_5_9000_00063.png,0.0,0.0,154.0,444.0,507.0,346.0
DATASET1_2_8500_00076.png,0.0,0.0,571.0,391.0,207.0,296.0
DATASET1_5_7500_00054.png,0.0,0.0,471.0,536.0,199.0,297.0
DATASET1_5_6500_00000.png,0.0,0.0,496.0,517.0,181.0,337.0
DATASET1_2_8500_00047.png,0.0,0.0,278.0,587.0,413.0,236.0
DATASET1_3_8500_00029.png,0.0,0.0,335.0,594.0,444.0,215.0
DATASET1_6_12500_00016.png,0.0,0.0,240.0,404.0,588.0,223.0
DATASET1_7_14500_00054.png,0.0,0.0,448.0,533.0,237.0,226.0
DATASET1_5_7500_00054.png,0.0,0.0,472.0,535.0,199.0,294.0
DATASET1_7_13500_00069.png,0.0,0.0,214.0,530.0,495.0,289.0
DATASET1_5_12500_00064.png,0.0,0.0,204.0,561.0,312.0,190.0
DATASET1_8_7000_00069.png,452.0,513.0,467.0,164.0,164.0,338.0
DATASET1_5_6500_00003.png,0.0,0.0,481.0,522.0,191.0,302.0
DATASET1_3_11000_00086.png,0.0,0.0,234.0,551.0,522.0,285.0
DATASET1_2_5500_00083.png,0.0,0.0,587.0,359.0,202.0,340.0
DATASET1_2_8000_00077.png,0.0,0.0,291.0,586.0,392.0,227.0
DATASET1_5_8000_00086.png,0.0,0.0,224.0,527.0,444.0,236.0
DATASET1_3_6000_00093.png,0.0,0.0,257.0,601.0,512.0,314.0
DATASET1_8_8000_00098.png,348.0,539.0,559.0,266.0,210.0,228.0
DATASET1_7_11500_00047.png,0.0,0.0,487.0,521.0,185.0,311.0
DATASET1_5_8000_00035.png,0.0,0.0,175.0,503.0,491.0,322.0
DATASET1_2_6500_00026.png,0.0,0.0,436.0,565.0,357.0,200.0
DATASET1_4_5000_00058.png,335.0,584.0,519.0,318.0,195.0,296.0
DATASET1_5_15000_00003.png,0.0,0.0,226.0,555.0,301.0,184.0
DATASET1_1_9000_00017.png,0.0,0.0,137.0,462.0,504.0,356.0
DATASET1_2_10500_00000.png,0.0,0.0,577.0,415.0,235.0,266.0
DATASET1_5_9000_00047.png,0.0,0.0,269.0,564.0,388.0,217.0
DATASET1_5_4500_00025.png,0.0,0.0,493.0,522.0,186.0,333.0
DATASET1_7_7500_00028.png,0.0,0.0,494.0,531.0,188.0,319.0
DATASET1_5_6500_00004.png,0.0,0.0,476.0,540.0,200.0,302.0
DATASET1_4_9500_00006.png,435.0,615.0,492.0,294.0,184.0,401.0
DATASET1_8_12500_00088.png,352.0,531.0,558.0,268.0,215.0,217.0
DATASET1_5_14000_00002.png,0.0,0.0,77.0,470.0,438.0,332.0
DATASET1_7_6500_00061.png,0.0,0.0,319.0,583.0,421.0,235.0
DATASET1_2_12500_00023.png,0.0,0.0,590.0,367.0,220.0,285.0
DATASET1_2_14000_00080.png,0.0,0.0,365.0,578.0,380.0,204.0
DATASET1_1_8000_00026.png,0.0,0.0,134.0,421.0,509.0,394.0
DATASET1_4_11500_00055.png,425.0,651.0,492.0,331.0,184.0,429.0
DATASET1_2_8000_00098.png,0.0,0.0,551.0,480.0,269.0,236.0
DATASET1_7_6500_00078.png,0.0,0.0,425.0,537.0,255.0,216.0
DATASET1_8_4500_00001.png,249.0,499.0,574.0,427.0,339.0,176.0
DATASET1_6_5500_00024.png,0.0,0.0,214.0,379.0,606.0,372.0
DATASET1_2_13000_00022.png,0.0,0.0,310.0,577.0,401.0,216.0
DATASET1_6_6000_00040.png,0.0,0.0,345.0,525.0,471.0,156.0
DATASET1_6_11500_00019.png,0.0,0.0,258.0,492.0,564.0,253.0
DATASET1_4_8500_00068.png,446.0,612.0,485.0,287.0,187.0,418.0
DATASET1_2_10000_00086.png,0.0,0.0,523.0,514.0,288.0,218.0
DATASET1_5_9500_00069.png,0.0,0.0,192.0,512.0,468.0,271.0
DATASET1_5_7500_00083.png,0.0,0.0,230.0,534.0,445.0,240.0
DATASET1_6_14000_00012.png,0.0,0.0,287.0,516.0,539.0,213.0
DATASET1_5_13000_00042.png,0.0,0.0,203.0,564.0,312.0,197.0
DATASET1_8_10000_00079.png,433.0,527.0,500.0,183.0,181.0,311.0
DATASET1_7_5500_00061.png,0.0,0.0,231.0,540.0,503.0,294.0
DATASET1_6_8000_00069.png,0.0,0.0,486.0,492.0,345.0,130.0
DATASET1_4_8000_00059.png,281.0,584.0,571.0,454.0,308.0,260.0
DATASET1_2_7000_00012.png,0.0,0.0,475.0,550.0,336.0,203.0
DATASET1_6_7000_00015.png,0.0,0.0,229.0,379.0,619.0,333.0
DATASET1_8_13500_00009.png,238.0,481.0,574.0,416.0,351.0,158.0
DATASET1_4_9500_00062.png,349.0,599.0,585.0,379.0,272.0,281.0
DATASET1_1_4500_00011.png,0.0,0.0,146.0,476.0,488.0,321.0
DATASET1_1_4500_00031.png,0.0,0.0,498.0,465.0,129.0,380.0
DATASET1_1_4500_00011.png,0.0,0.0,146.0,476.0,489.0,321.0
DATASET1_1_4500_00031.png,0.0,0.0,497.0,463.0,131.0,378.0
DATASET1_1_4500_00051.png,0.0,0.0,433.0,566.0,192.0,277.0
DATASET1_1_4500_00071.png,0.0,0.0,317.0,594.0,294.0,217.0
DATASET1_1_4500_00091.png,0.0,0.0,209.0,563.0,411.0,244.0
